"Source:","D:\Mi unidad\2021_tesis_maestria_andres_oliva_trevisan\schematics_pcb\TortugometroV2.0\TortugometroV2.0.sch"
"Date:","30/08/2022 20:06:02"
"Tool:","Eeschema (5.1.10)-1"
"Generator:","C:\Program Files\KiCad\bin\scripting\plugins/bom_csv_grouped_by_value.py"
"Component Count:","114"

"Individual Components:"

"Item","Qty","Reference(s)","Value","LibPart","Footprint","Datasheet","AVAILABILITY","Arrow Part Number","Arrow Price/Stock","Availability","DESCRIPTION","Description","Height","MF","MP","Manufacturer_Name","Manufacturer_Part_Number","Mouser Part Number","Mouser Price/Stock","PACKAGE","PRICE","Package","Price","Purchase-URL","automotive","category","contact material","device class L1","device class L2","device class L3","digikey description","digikey part number","footprint url","frequency","height","impedance","is connector","is female","lead free","library id","manufacturer","number of contacts","package","rohs","shielding"
"","","bat_charger1","LTC4057ES5-4.2#TRPBF","LTC4057ES5-4.2#TRPBF:LTC4057ES5-4.2#TRPBF","Tortugometro:LTC4057ES5-4.2#TRPBF","https://datasheet.datasheetarchive.com/originals/distributors/SFDatasheet-4/sf-00092046.pdf","","","","","","IC CHARGR BATTERY L-ION TSOT23-5","1","","","Linear Technology","LTC4057ES5-4.2#TRPBF","584-C4057ES5-4.2TPF","https://www.mouser.com/Search/Refine.aspx?Keyword=584-C4057ES5-4.2TPF","","","","","","","","","","","","","","","","","","","","","","","","","",""
"","","battery_lipo1","battery_lipo_3.7_600mAh_nc","battery_lipo_3.7_600mah:battery_lipo_3.7_600mAh_nc","Tortugometro:battery_lipo_3.7_600mah","","","","","","","","","","","","","","","","","","","","","","","","","","","","","","","","","","","","","","","",""
"","","C_cf1","1uf","Device:C","Capacitors_SMD:C_0805_HandSoldering","~","","","","","","","","","","","","","","","","","","","","","","","","","","","","","","","","","","","","","","",""
"","","C_cf_opt1","1nf","Device:C","Capacitors_SMD:C_0805_HandSoldering","~","","","","","","","","","","","","","","","","","","","","","","","","","","","","","","","","","","","","","","",""
"","","C_dbat1","2.2uf","Device:C","Capacitors_SMD:C_0805_HandSoldering","~","","","","","","","","","","","","","","","","","","","","","","","","","","","","","","","","","","","","","","",""
"","","C_di1","10nf","Device:C","Capacitors_SMD:C_0805_HandSoldering","~","","","","","","","","","","","","","","","","","","","","","","","","","","","","","","","","","","","","","","",""
"","","C_di2","100nf","Device:C","Capacitors_SMD:C_0805_HandSoldering","~","","","","","","","","","","","","","","","","","","","","","","","","","","","","","","","","","","","","","","",""
"","","C_di3","10uf","Device:C","Capacitors_SMD:C_0805_HandSoldering","~","","","","","","","","","","","","","","","","","","","","","","","","","","","","","","","","","","","","","","",""
"","","C_di4","100nf","Device:C","Capacitors_SMD:C_0805_HandSoldering","~","","","","","","","","","","","","","","","","","","","","","","","","","","","","","","","","","","","","","","",""
"","","C_di5","100nf","Device:C","Capacitors_SMD:C_0805_HandSoldering","~","","","","","","","","","","","","","","","","","","","","","","","","","","","","","","","","","","","","","","",""
"","","C_dreg1","10uf","Device:C","Capacitors_SMD:C_0805_HandSoldering","~","","","","","","","","","","","","","","","","","","","","","","","","","","","","","","","","","","","","","","",""
"","","C_g1","10uf","Device:C","Capacitors_SMD:C_0805_HandSoldering","~","","","","","","","","","","","","","","","","","","","","","","","","","","","","","","","","","","","","","","",""
"","","C_gsi1","1uf","Device:C","Capacitors_SMD:C_0805_HandSoldering","~","","","","","","","","","","","","","","","","","","","","","","","","","","","","","","","","","","","","","","",""
"","","C_gso1","100nf","Device:C","Capacitors_SMD:C_0805_HandSoldering","~","","","","","","","","","","","","","","","","","","","","","","","","","","","","","","","","","","","","","","",""
"","","C_gu1","10nf","Device:C","Capacitors_SMD:C_0805_HandSoldering","~","","","","","","","","","","","","","","","","","","","","","","","","","","","","","","","","","","","","","","",""
"","","C_gu2","10nf","Device:C","Capacitors_SMD:C_0805_HandSoldering","~","","","","","","","","","","","","","","","","","","","","","","","","","","","","","","","","","","","","","","",""
"","","C_ld1","1uf","Device:C","Capacitors_SMD:C_0805_HandSoldering","~","","","","","","","","","","","","","","","","","","","","","","","","","","","","","","","","","","","","","","",""
"","","C_mad1","680pf","Device:C","Capacitors_SMD:C_0805_HandSoldering","~","","","","","","","","","","","","","","","","","","","","","","","","","","","","","","","","","","","","","","",""
"","","C_mam1","10pf","Device:C","Capacitors_SMD:C_0805_HandSoldering","~","","","","","","","","","","","","","","","","","","","","","","","","","","","","","","","","","","","","","","",""
"","","C_mam2","33pf","Device:C","Capacitors_SMD:C_0805_HandSoldering","~","","","","","","","","","","","","","","","","","","","","","","","","","","","","","","","","","","","","","","",""
"","","C_mam3","18pf","Device:C","Capacitors_SMD:C_0805_HandSoldering","~","","","","","","","","","","","","","","","","","","","","","","","","","","","","","","","","","","","","","","",""
"","","C_mb1","18pf","Device:C","Capacitors_SMD:C_0805_HandSoldering","~","","","","","","","","","","","","","","","","","","","","","","","","","","","","","","","","","","","","","","",""
"","","C_mb2","18pf","Device:C","Capacitors_SMD:C_0805_HandSoldering","~","","","","","","","","","","","","","","","","","","","","","","","","","","","","","","","","","","","","","","",""
"","","C_mb3","680pf","Device:C","Capacitors_SMD:C_0805_HandSoldering","~","","","","","","","","","","","","","","","","","","","","","","","","","","","","","","","","","","","","","","",""
"","","C_md1","100nf","Device:C","Capacitors_SMD:C_0805_HandSoldering","~","","","","","","","","","","","","","","","","","","","","","","","","","","","","","","","","","","","","","","",""
"","","C_md2","22uf","Device:C","Capacitors_SMD:C_0805_HandSoldering","~","","","","","","","","","","","","","","","","","","","","","","","","","","","","","","","","","","","","","","",""
"","","C_md3","100nf","Device:C","Capacitors_SMD:C_0805_HandSoldering","~","","","","","","","","","","","","","","","","","","","","","","","","","","","","","","","","","","","","","","",""
"","","C_md5","100nf","Device:C","Capacitors_SMD:C_0805_HandSoldering","~","","","","","","","","","","","","","","","","","","","","","","","","","","","","","","","","","","","","","","",""
"","","C_md6","1uf","Device:C","Capacitors_SMD:C_0805_HandSoldering","~","","","","","","","","","","","","","","","","","","","","","","","","","","","","","","","","","","","","","","",""
"","","C_md8","100nf","Device:C","Capacitors_SMD:C_0805_HandSoldering","~","","","","","","","","","","","","","","","","","","","","","","","","","","","","","","","","","","","","","","",""
"","","C_md9","100nf","Device:C","Capacitors_SMD:C_0805_HandSoldering","~","","","","","","","","","","","","","","","","","","","","","","","","","","","","","","","","","","","","","","",""
"","","C_md11","100nf","Device:C","Capacitors_SMD:C_0805_HandSoldering","~","","","","","","","","","","","","","","","","","","","","","","","","","","","","","","","","","","","","","","",""
"","","C_md12a1","100nf","Device:C","Capacitors_SMD:C_0805_HandSoldering","~","","","","","","","","","","","","","","","","","","","","","","","","","","","","","","","","","","","","","","",""
"","","C_mdc1","22uf","Device:C","Capacitors_SMD:C_0805_HandSoldering","~","","","","","","","","","","","","","","","","","","","","","","","","","","","","","","","","","","","","","","",""
"","","C_mic1","100nf","Device:C","Capacitors_SMD:C_0805_HandSoldering","~","","","","","","","","","","","","","","","","","","","","","","","","","","","","","","","","","","","","","","",""
"","","C_mic_rf1","470pf","Device:C","Capacitors_SMD:C_0805_HandSoldering","~","","","","","","","","","","","","","","","","","","","","","","","","","","","","","","","","","","","","","","",""
"","","C_reset1","100nf","Device:C","Capacitors_SMD:C_0805_HandSoldering","~","","","","","","","","","","","","","","","","","","","","","","","","","","","","","","","","","","","","","","",""
"","","C_rtc1","12pf","Device:C","Capacitors_SMD:C_0805_HandSoldering","~","","","","","","","","","","","","","","","","","","","","","","","","","","","","","","","","","","","","","","",""
"","","C_rtc2","15pf","Device:C","Capacitors_SMD:C_0805_HandSoldering","~","","","","","","","","","","","","","","","","","","","","","","","","","","","","","","","","","","","","","","",""
"","","C_sdsi1","1uf","Device:C","Capacitors_SMD:C_0805_HandSoldering","~","","","","","","","","","","","","","","","","","","","","","","","","","","","","","","","","","","","","","","",""
"","","C_sdso1","100nf","Device:C","Capacitors_SMD:C_0805_HandSoldering","~","","","","","","","","","","","","","","","","","","","","","","","","","","","","","","","","","","","","","","",""
"","","C_usbd1","22uf","Device:C","Capacitors_SMD:C_0805_HandSoldering","~","","","","","","","","","","","","","","","","","","","","","","","","","","","","","","","","","","","","","","",""
"","","con_bat1","Conn_01x02_Male","Connector:Conn_01x02_Male","Tortugometro:battery_lipo_connector_2pin","~","","","","","","","","","","","","","","","","","","","","","","","","","","","","","","","","","","","","","","",""
"","","con_usbBmini1","10118194-0001LF","10118194-0001LF:10118194-0001LF","Tortugometro:10118194-0001LF","","Unavailable","","","In Stock","Micro Usb, 2.0 Type b, Rcpt, Smt","\nMicro USB, Input Output Connectors, B TYPE RECEPTACLE with flange\n","","Amphenol ICC","10118194-0001LF","","","","","None","None","None","None","https://pricing.snapeda.com/search/part/10118194-0001LF/?ref=eda","","","","","","","","","","","","","","","","","","","","",""
"","","conector_microsd1","MEM2051-00-195-00-A","MEM2051-00-195-00-A:MEM2051-00-195-00-A","Tortugometro:MEM20510019500A","https://gct.co/files/drawings/mem2051.pdf","","","","","","MICRO SD PUSH PUSH, OPEN, SMT, 1","2.05","","","GCT (GLOBAL CONNECTOR TECHNOLOGY)","MEM2051-00-195-00-A","640-MEM20510019500A","https://www.mouser.co.uk/ProductDetail/GCT/MEM2051-00-195-00-A?qs=KUoIvG%2F9Ilat7yfJRNWXUQ%3D%3D","","","","","","","","","","","","","","","","","","","","","","","","","",""
"","","crys_mcu1","ECS-120-20-33-AEM-TR","ECS-480-10-36B-CKM-TR:ECS-120-20-33-AEM-TR","Tortugometro:ECS-480-10-36B-CKM-TR","https://ecsxtal.com/store/pdf/ecx-32.pdf","","ECS-120-20-33-AEM-TR","https://www.arrow.com/en/products/ecs-120-20-33-aem-tr/ecs-international","","","Crystals 12MHz 20pF 25ppm -20C +70C","0","","","ECS","ECS-120-20-33-AEM-TR","520-120-20-33-AEMT","https://www.mouser.co.uk/ProductDetail/ECS/ECS-120-20-33-AEM-TR?qs=byeeYqUIh0Mb73KTji%2FT2g%3D%3D","","","","","","","","","","","","","","","","","","","","","","","","","",""
"","","crys_rtc1","FC-135_32.7680KA-AG3","FC-135_32.7680KA-AG3:FC-135_32.7680KA-AG3","Tortugometro:FC-135_32.7680KA-AG3","http://www.mouser.com/ds/2/137/C-135R_en-1109071.pdf","","FC-135 32.7680KA-AG3","https://www.arrow.com/en/products/fc-13532.7680ka-ag3/epson-electronics-america","","","Crystals 32.768KHz 20ppm 7.0pF -40C +85C","0.9","","","Epson Timing","FC-135 32.7680KA-AG3","732-FC135-32.76KAAG3","https://www.mouser.co.uk/ProductDetail/Epson-Timing/FC-135-327680KA-AG3?qs=l3LL3yk8ONbdhVAPUR8zug%3D%3D","","","","","","","","","","","","","","","","","","","","","","","","","",""
"","","H1","MountingHole_Pad","Mechanical:MountingHole_Pad","Mounting_Holes:MountingHole_2.2mm_M2_Pad","~","","","","","","","","","","","","","","","","","","","","","","","","","","","","","","","","","","","","","","",""
"","","H2","MountingHole_Pad","Mechanical:MountingHole_Pad","Mounting_Holes:MountingHole_2.2mm_M2_Pad","~","","","","","","","","","","","","","","","","","","","","","","","","","","","","","","","","","","","","","","",""
"","","H3","MountingHole_Pad","Mechanical:MountingHole_Pad","Mounting_Holes:MountingHole_2.2mm_M2_Pad","~","","","","","","","","","","","","","","","","","","","","","","","","","","","","","","","","","","","","","","",""
"","","H4","MountingHole_Pad","Mechanical:MountingHole_Pad","Mounting_Holes:MountingHole_2.2mm_M2_Pad","~","","","","","","","","","","","","","","","","","","","","","","","","","","","","","","","","","","","","","","",""
"","","IMU1","LSM9DS1","LSM9DS1:LSM9DS1","Tortugometro:LSM9DS1","https://www.st.com/resource/en/datasheet/lsm9ds1.pdf","","","","","","iNEMO inertial module: 3D accelerometer, 3D gyroscope, 3D magnetometer","1.027","","","STMicroelectronics","LSM9DS1","","","","","","","","","","","","","","","","","","","","","","","","","","","",""
"","","J_3.31","Conn_01x01_Male","Connector:Conn_01x01_Male","Pin_Headers:Pin_Header_Straight_1x01_Pitch2.00mm","~","","","","","","","","","","","","","","","","","","","","","","","","","","","","","","","","","","","","","","",""
"","","J_ag1","Conn_01x01_Male","Connector:Conn_01x01_Male","Pin_Headers:Pin_Header_Straight_1x01_Pitch1.00mm","~","","","","","","","","","","","","","","","","","","","","","","","","","","","","","","","","","","","","","","",""
"","","J_ag2","Conn_01x01_Male","Connector:Conn_01x01_Male","Pin_Headers:Pin_Header_Straight_1x01_Pitch1.00mm","~","","","","","","","","","","","","","","","","","","","","","","","","","","","","","","","","","","","","","","",""
"","","J_bclk1","Conn_01x01_Male","Connector:Conn_01x01_Male","Pin_Headers:Pin_Header_Straight_1x01_Pitch2.00mm","~","","","","","","","","","","","","","","","","","","","","","","","","","","","","","","","","","","","","","","",""
"","","J_data1","Conn_01x01_Male","Connector:Conn_01x01_Male","Pin_Headers:Pin_Header_Straight_1x01_Pitch2.00mm","~","","","","","","","","","","","","","","","","","","","","","","","","","","","","","","","","","","","","","","",""
"","","J_gnd1","Conn_01x01_Male","Connector:Conn_01x01_Male","Pin_Headers:Pin_Header_Straight_1x01_Pitch2.00mm","~","","","","","","","","","","","","","","","","","","","","","","","","","","","","","","","","","","","","","","",""
"","","J_gnd2","Conn_01x01_Male","Connector:Conn_01x01_Male","Pin_Headers:Pin_Header_Straight_1x01_Pitch2.00mm","~","","","","","","","","","","","","","","","","","","","","","","","","","","","","","","","","","","","","","","",""
"","","J_gpio_free1","Conn_01x05_Male","Connector:Conn_01x05_Male","Tortugometro:connector_5pin_molex_nomark","~","","","","","","","","","","","","","","","","","","","","","","","","","","","","","","","","","","","","","","",""
"","","J_mag1","Conn_01x01_Male","Connector:Conn_01x01_Male","Pin_Headers:Pin_Header_Straight_1x01_Pitch1.00mm","~","","","","","","","","","","","","","","","","","","","","","","","","","","","","","","","","","","","","","","",""
"","","J_programmer1","Conn_01x06_Male","Connector:Conn_01x06_Male","Tortugometro:connector_6pin_nomark","~","","","","","","","","","","","","","","","","","","","","","","","","","","","","","","","","","","","","","","",""
"","","J_pw+1","Conn_01x01_Male","Connector:Conn_01x01_Male","Pin_Headers:Pin_Header_Straight_1x01_Pitch2.00mm","~","","","","","","","","","","","","","","","","","","","","","","","","","","","","","","","","","","","","","","",""
"","","J_pw-1","Conn_01x01_Male","Connector:Conn_01x01_Male","Pin_Headers:Pin_Header_Straight_1x01_Pitch2.00mm","~","","","","","","","","","","","","","","","","","","","","","","","","","","","","","","","","","","","","","","",""
"","","J_scl1","Conn_01x01_Male","Connector:Conn_01x01_Male","Pin_Headers:Pin_Header_Straight_1x01_Pitch1.00mm","~","","","","","","","","","","","","","","","","","","","","","","","","","","","","","","","","","","","","","","",""
"","","J_sda1","Conn_01x01_Male","Connector:Conn_01x01_Male","Pin_Headers:Pin_Header_Straight_1x01_Pitch1.00mm","~","","","","","","","","","","","","","","","","","","","","","","","","","","","","","","","","","","","","","","",""
"","","J_sma1","CON-SMA-EDGE-S","CON-SMA-EDGE-S:CON-SMA-EDGE-S","Tortugometro:CON-SMA-EDGE-S","https://www.rfsolutions.co.uk/downloads/1498648656DS-CON-EDGE-SMA-4.pdf","","","","","","","","","","","","","","","","","","","No","Conn","Gold","Connectors","RF / Coaxial Connectors","unset","CONN SMA JACK STR EDGE MNT","CON-SMA-EDGE-S-ND","https://forum.upverter.com/uploads/default/original/3X/b/e/be75b907af57498775929d6d9099689c472e0307.pdf","18GHz","6.35mm","50Ω","yes","yes","Yes","311856913ef645a6","RF Solutions Ltd.","1","CONN_JACK","Yes","true"
"","","J_t9","Conn_01x01_Male","Connector:Conn_01x01_Male","Pin_Headers:Pin_Header_Straight_1x01_Pitch2.00mm","~","","","","","","","","","","","","","","","","","","","","","","","","","","","","","","","","","","","","","","",""
"","","J_t10","Conn_01x01_Male","Connector:Conn_01x01_Male","Pin_Headers:Pin_Header_Straight_1x01_Pitch2.00mm","~","","","","","","","","","","","","","","","","","","","","","","","","","","","","","","","","","","","","","","",""
"","","J_wlk1","Conn_01x01_Male","Connector:Conn_01x01_Male","Pin_Headers:Pin_Header_Straight_1x01_Pitch2.00mm","~","","","","","","","","","","","","","","","","","","","","","","","","","","","","","","","","","","","","","","",""
"","","L_dcdc_3.3","10uh","Device:L","Resistors_SMD:R_0805_HandSoldering","~","","","","","","","","","","","","","","","","","","","","","","","","","","","","","","","","","","","","","","",""
"","","L_g1","1uh","Device:L","Resistors_SMD:R_0805_HandSoldering","~","","","","","","","","","","","","","","","","","","","","","","","","","","","","","","","","","","","","","","",""
"","","L_mam1","82nh","Device:L","Resistors_SMD:R_0805_HandSoldering","~","","","","","","","","","","","","","","","","","","","","","","","","","","","","","","","","","","","","","","",""
"","","L_mam2","68nh","Device:L","Resistors_SMD:R_0805_HandSoldering","~","","","","","","","","","","","","","","","","","","","","","","","","","","","","","","","","","","","","","","",""
"","","L_mb1","150n","Device:L","Resistors_SMD:R_0805_HandSoldering","~","","","","","","","","","","","","","","","","","","","","","","","","","","","","","","","","","","","","","","",""
"","","L_mb2","82nh","Device:L","Resistors_SMD:R_0805_HandSoldering","~","","","","","","","","","","","","","","","","","","","","","","","","","","","","","","","","","","","","","","",""
"","","L_mb3","82n","Device:L","Resistors_SMD:R_0805_HandSoldering","~","","","","","","","","","","","","","","","","","","","","","","","","","","","","","","","","","","","","","","",""
"","","L_mch1","MMZ2012Y152BTD25","Device:L","Resistors_SMD:R_0805_HandSoldering","~","","","","","","","","","","","","","","","","","","","","","","","","","","","","","","","","","","","","","","",""
"","","L_mdc1","6.8uh","Device:L","Resistors_SMD:R_0805_HandSoldering","~","","","","","","","","","","","","","","","","","","","","","","","","","","","","","","","","","","","","","","",""
"","","led_blue1","APTD2012LQBC_D","APTD2012LQBC_D:APTD2012LQBC_D","Tortugometro:APTD2012LQBC_D","https://componentsearchengine.com/Datasheets/1/APTD2012LQBC_D.pdf","","APTD2012LQBC/D","https://www.arrow.com/en/products/aptd2012lqbcd/kingbright","","","Standard LEDs - SMD 0805 Dome Lens LED Blue- 465nm","1.2","","","Kingbright","APTD2012LQBC/D","604-APTD2012LQBCD","https://www.mouser.co.uk/ProductDetail/Kingbright/APTD2012LQBC-D/?qs=AQlKX63v8RvDGqprk6aUCg%3D%3D","","","","","","","","","","","","","","","","","","","","","","","","","",""
"","","led_green2","SM0805GCL","SM0805GCL:SM0805GCL","Tortugometro:APTD2012LQBC_D","https://datasheet.datasheetarchive.com/originals/distributors/Datasheets-DGA13/1161700.pdf","","SM0805GCL","https://www.arrow.com/en/products/sm0805gcl/bivar","","","SMT LED 0805 Green Clear Lens Bivar SM0805GCL Green High-Power LED, 574 nm 2012 (0805), Rectangle Lens SMD package","0.8","","","Bivar","SM0805GCL","749-SM0805GCL","https://www.mouser.co.uk/ProductDetail/Bivar/SM0805GCL?qs=jaLxTFIJCitl%252Bw30syUp6A%3D%3D","","","","","","","","","","","","","","","","","","","","","","","","","",""
"","","led_red0","LS_M67K-H2L1-1-Z","LS_M67K-H2L1-1-Z:LS_M67K-H2L1-1-Z","Tortugometro:APTD2012LQBC_D","https://datasheet.datasheetarchive.com/originals/distributors/DKDS41/DSANUWW0036619.pdf","","LS M67K-H2L1-1-Z","https://www.arrow.com/en/products/lsm67k-h2l1-1-z/osram-opto-semiconductors","","","Standard LEDs - SMD Super Red, 630nm 14mcd, 2mA","1.4","","","OSRAM","LS M67K-H2L1-1-Z","720-LSM67K-H2L1-1-Z","https://www.mouser.co.uk/ProductDetail/OSRAM-Opto-Semiconductors/LS-M67K-H2L1-1-Z?qs=K5ta8V%252BWhtYR%2Ffs%2FC1wrvg%3D%3D","","","","","","","","","","","","","","","","","","","","","","","","","",""
"","","led_yellow3","LY_M67K-J1L2-26","LY_M67K-J1L2-26:LY_M67K-J1L2-26","Tortugometro:APTD2012LQBC_D","https://docs.rs-online.com/8d70/0900766b808bd66d.pdf","","","","","","2.2 V Yellow LED SMD,Osram Opto Mini TOPLED LY M67K-J1L2-26","1.4","","","OSRAM","LY M67K-J1L2-26","","","","","","","","","","","","","","","","","","","","","","","","","","","",""
"","","LIGTH1","TSL25721FN","TSL25721FN:TSL25721FN","Tortugometro:TSL25721FN","https://datasheet.datasheetarchive.com/originals/distributors/DKDS-7/120558.pdf","","TSL25721FN","https://www.arrow.com/en/products/tsl25721fn/ams-ag","","","Light to Digital Converters ALS, I2C Vbus= VDD Interface","","","","ams","TSL25721FN","985-TSL25721FN","https://www.mouser.co.uk/ProductDetail/ams/TSL25721FN?qs=ECv0MKUHA8GP%252Bsx2cFEj1g%3D%3D","","","","","","","","","","","","","","","","","","","","","","","","","",""
"","","MCU&TxRx1","CC1312R1F3RGZR","CC1312R1F3RGZT:CC1312R1F3RGZT","Tortugometro:CC1312R1F3RGZT","http://www.ti.com/lit/ds/symlink/cc1312r.pdf","","CC1312R1F3RGZT","https://www.arrow.com/en/products/cc1312r1f3rgzt/texas-instruments","","","Texas Instruments SimpeLink? Sub-1 GHz CC1312R Wireless MCU 48-VQFN -40 to 85","1","","","Texas Instruments","CC1312R1F3RGZT","595-CC1312R1F3RGZT","https://www.mouser.co.uk/ProductDetail/Texas-Instruments/CC1312R1F3RGZT?qs=rrS6PyfT74dnRQNK9Ptixw%3D%3D","","","","","","","","","","","","","","","","","","","","","","","","","",""
"","","MIC1","SPH0645LM4H-1-8","SPH0645LM4H-1-8:SPH0645LM4H-1-8","Tortugometro:SPH0645LM4H18","https://www.knowles.com/docs/default-source/default-document-library/sph0645lm4h-1-datasheet.pdf?Status=Master&sfvrsn=751076b1_2","","","","","","MEMS Microphones SILICON MICROPHONE","1.08","","","Knowles","SPH0645LM4H-1-8","721-SPH0645LM4H-1-8","https://www.mouser.co.uk/ProductDetail/Knowles/SPH0645LM4H-1-8?qs=TuK3vfAjtkXP9L009Fh60A%3D%3D","","","","","","","","","","","","","","","","","","","","","","","","","",""
"","","module_bluetooth1","module_bluetooth_hc10_arduino","bluetooth_module_hm10:module_bluetooth_hc10_arduino","Tortugometro:bluetooth_module_hm10","","","","","","","","","","","","","","","","","","","","","","","","","","","","","","","","","","","","","","","",""
"","","module_gps1","gps_module_ublox_neo6+antenna","gps_module_ublox_neo6+antenna:gps_module_ublox_neo6+antenna","Tortugometro:gps_module_ublox_neo6+antenna","","","","","In Stock","","\n GPS MODULE for Arduino U BLOX NEO 6M  \n","","FCI","ublox NEO 6M","","","","","","","None","None","","","","","","","","","","","","","","","","","","","","","",""
"","","R_cc1","1.65Kohm","Device:R_US","Resistors_SMD:R_0805_HandSoldering","~","","","","","","","","","","","","","","","","","","","","","","","","","","","","","","","","","","","","","","",""
"","","R_cc2","1500Kohm","Device:R_US","Resistors_SMD:R_0805_HandSoldering","~","","","","","","","","","","","","","","","","","","","","","","","","","","","","","","","","","","","","","","",""
"","","R_cc3","100Kohm","Device:R_US","Resistors_SMD:R_0805_HandSoldering","~","","","","","","","","","","","","","","","","","","","","","","","","","","","","","","","","","","","","","","",""
"","","R_cf1","47.5Kohm","Device:R_US","Resistors_SMD:R_0805_HandSoldering","~","","","","","","","","","","","","","","","","","","","","","","","","","","","","","","","","","","","","","","",""
"","","R_cf2","16Kohm","Device:R_US","Resistors_SMD:R_0805_HandSoldering","~","","","","","","","","","","","","","","","","","","","","","","","","","","","","","","","","","","","","","","",""
"","","R_g1","0.1ohm","Device:R_US","Resistors_SMD:R_0805_HandSoldering","~","","","","","","","","","","","","","","","","","","","","","","","","","","","","","","","","","","","","","","",""
"","","R_gu1","680ohm","Device:R_US","Resistors_SMD:R_0805_HandSoldering","~","","","","","","","","","","","","","","","","","","","","","","","","","","","","","","","","","","","","","","",""
"","","R_gu2","680ohm","Device:R_US","Resistors_SMD:R_0805_HandSoldering","~","","","","","","","","","","","","","","","","","","","","","","","","","","","","","","","","","","","","","","",""
"","","R_i2c1","not mount","Device:R_US","Resistors_SMD:R_0805_HandSoldering","~","","","","","","","","","","","","","","","","","","","","","","","","","","","","","","","","","","","","","","",""
"","","R_i2c2","not mount","Device:R_US","Resistors_SMD:R_0805_HandSoldering","~","","","","","","","","","","","","","","","","","","","","","","","","","","","","","","","","","","","","","","",""
"","","R_ledb1","470ohm","Device:R_US","Resistors_SMD:R_0805_HandSoldering","~","","","","","","","","","","","","","","","","","","","","","","","","","","","","","","","","","","","","","","",""
"","","R_ledg1","1.65Kohm","Device:R_US","Resistors_SMD:R_0805_HandSoldering","~","","","","","","","","","","","","","","","","","","","","","","","","","","","","","","","","","","","","","","",""
"","","R_ledr1","1.65Kohm","Device:R_US","Resistors_SMD:R_0805_HandSoldering","~","","","","","","","","","","","","","","","","","","","","","","","","","","","","","","","","","","","","","","",""
"","","R_ledy1","1.65Kohm","Device:R_US","Resistors_SMD:R_0805_HandSoldering","~","","","","","","","","","","","","","","","","","","","","","","","","","","","","","","","","","","","","","","",""
"","","R_micb1","48.7ohm","Device:R_US","Resistors_SMD:R_0805_HandSoldering","~","","","","","","","","","","","","","","","","","","","","","","","","","","","","","","","","","","","","","","",""
"","","R_micd1","48.7ohm","Device:R_US","Resistors_SMD:R_0805_HandSoldering","~","","","","","","","","","","","","","","","","","","","","","","","","","","","","","","","","","","","","","","",""
"","","R_micw1","48.7ohm","Device:R_US","Resistors_SMD:R_0805_HandSoldering","~","","","","","","","","","","","","","","","","","","","","","","","","","","","","","","","","","","","","","","",""
"","","R_pm1","0ohm","Device:R_US","Resistors_SMD:R_0805_HandSoldering","~","","","","","","","","","","","","","","","","","","","","","","","","","","","","","","","","","","","","","","",""
"","","R_reset1","100Kohm","Device:R_US","Resistors_SMD:R_0805_HandSoldering","~","","","","","","","","","","","","","","","","","","","","","","","","","","","","","","","","","","","","","","",""
"","","R_usb1","1.5ohm","Device:R_US","Resistors_SMD:R_0805_HandSoldering","~","","","","","","","","","","","","","","","","","","","","","","","","","","","","","","","","","","","","","","",""
"","","R_usb2","1.65Kohm","Device:R_US","Resistors_SMD:R_0805_HandSoldering","~","","","","","","","","","","","","","","","","","","","","","","","","","","","","","","","","","","","","","","",""
"","","R_usbm1","47.5Kohm","Device:R_US","Resistors_SMD:R_0805_HandSoldering","~","","","","","","","","","","","","","","","","","","","","","","","","","","","","","","","","","","","","","","",""
"","","reg_3.3","LTC3531ES6-3.3#TRMPBF","LTC3531ES6-3.3#TRMPBF:LTC3531ES6-3.3#TRMPBF","Tortugometro:LTC3531ES6-3.3#TRMPBF","http://www.linear.com/docs/11037","","LTC3531ES6-3.3#TRMPBF","https://www.arrow.com/en/products/ltc3531es6-3.3trmpbf/linear-technology","","","Linear Technology LTC3531ES6-3.3#TRMPBF, Step-Down/Up DC-DC Converter, 200mA, Adjustable, 3.25  3.39 V, 6-Pin","1","","","Linear Technology","LTC3531ES6-3.3#TRMPBF","584-C3531ES6-3.3TMPF","https://www.mouser.co.uk/ProductDetail/Analog-Devices-Linear-Technology/LTC3531ES6-33TRMPBF?qs=hVkxg5c3xu%2FBJ0MTtviGzQ%3D%3D","","","","","","","","","","","","","","","","","","","","","","","","","",""
"","","switch_gps1","SiP32431DR3","Power_Management:SiP32432DR3","TO_SOT_Packages_SMD:SOT-363_SC-70-6_Handsoldering","http://www.vishay.com.hk/docs/66597/sip32431.pdf","","","","","","","","","","","","","","","","","","","","","","","","","","","","","","","","","","","","","","",""
"","","switch_sd1","SiP32432DR3","Power_Management:SiP32432DR3","TO_SOT_Packages_SMD:SOT-363_SC-70-6_Handsoldering","http://www.vishay.com.hk/docs/66597/sip32431.pdf","","","","","","","","","","","","","","","","","","","","","","","","","","","","","","","","","","","","","","",""
"","","switch_side1","EG1213","EG1213:EG1213","EG1213","https://www.mouser.com/datasheet/2/140/EG-345873.pdf","","","","","","Slide Switches SPDT SLIDE PC MNT","5","","","E-Switch","EG1213","612-EG1213","https://www.mouser.co.uk/ProductDetail/E-Switch/EG1213?qs=xDsBkp9LkofPeirZgUQnKA%3D%3D","","","","","","","","","","","","","","","","","","","","","","","","","",""



"Collated Components:"

"Item","Qty","Reference(s)","Value","LibPart","Footprint","Datasheet","AVAILABILITY","Arrow Part Number","Arrow Price/Stock","Availability","DESCRIPTION","Description","Height","MF","MP","Manufacturer_Name","Manufacturer_Part_Number","Mouser Part Number","Mouser Price/Stock","PACKAGE","PRICE","Package","Price","Purchase-URL","automotive","category","contact material","device class L1","device class L2","device class L3","digikey description","digikey part number","footprint url","frequency","height","impedance","is connector","is female","lead free","library id","manufacturer","number of contacts","package","rohs","shielding"
"1","1","bat_charger1","LTC4057ES5-4.2#TRPBF","LTC4057ES5-4.2#TRPBF:LTC4057ES5-4.2#TRPBF","Tortugometro:LTC4057ES5-4.2#TRPBF","https://datasheet.datasheetarchive.com/originals/distributors/SFDatasheet-4/sf-00092046.pdf","","","","","","IC CHARGR BATTERY L-ION TSOT23-5","1","","","Linear Technology","LTC4057ES5-4.2#TRPBF","584-C4057ES5-4.2TPF","https://www.mouser.com/Search/Refine.aspx?Keyword=584-C4057ES5-4.2TPF","","","","","","","","","","","","","","","","","","","","","","","","","",""
"2","1","battery_lipo1","battery_lipo_3.7_600mAh_nc","battery_lipo_3.7_600mah:battery_lipo_3.7_600mAh_nc","Tortugometro:battery_lipo_3.7_600mah","","","","","","","","","","","","","","","","","","","","","","","","","","","","","","","","","","","","","","","",""
"3","5","C_cf1, C_gsi1, C_ld1, C_md6, C_sdsi1","1uf","Device:C","Capacitors_SMD:C_0805_HandSoldering","~","","","","","","","","","","","","","","","","","","","","","","","","","","","","","","","","","","","","","","",""
"4","1","C_cf_opt1","1nf","Device:C","Capacitors_SMD:C_0805_HandSoldering","~","","","","","","","","","","","","","","","","","","","","","","","","","","","","","","","","","","","","","","",""
"5","1","C_dbat1","2.2uf","Device:C","Capacitors_SMD:C_0805_HandSoldering","~","","","","","","","","","","","","","","","","","","","","","","","","","","","","","","","","","","","","","","",""
"6","3","C_di1, C_gu1, C_gu2","10nf","Device:C","Capacitors_SMD:C_0805_HandSoldering","~","","","","","","","","","","","","","","","","","","","","","","","","","","","","","","","","","","","","","","",""
"7","14","C_di2, C_di4, C_di5, C_gso1, C_md1, C_md3, C_md5, C_md8, C_md9, C_md11, C_md12a1, C_mic1, C_reset1, C_sdso1","100nf","Device:C","Capacitors_SMD:C_0805_HandSoldering","~","","","","","","","","","","","","","","","","","","","","","","","","","","","","","","","","","","","","","","",""
"8","3","C_di3, C_dreg1, C_g1","10uf","Device:C","Capacitors_SMD:C_0805_HandSoldering","~","","","","","","","","","","","","","","","","","","","","","","","","","","","","","","","","","","","","","","",""
"9","2","C_mad1, C_mb3","680pf","Device:C","Capacitors_SMD:C_0805_HandSoldering","~","","","","","","","","","","","","","","","","","","","","","","","","","","","","","","","","","","","","","","",""
"10","1","C_mam1","10pf","Device:C","Capacitors_SMD:C_0805_HandSoldering","~","","","","","","","","","","","","","","","","","","","","","","","","","","","","","","","","","","","","","","",""
"11","1","C_mam2","33pf","Device:C","Capacitors_SMD:C_0805_HandSoldering","~","","","","","","","","","","","","","","","","","","","","","","","","","","","","","","","","","","","","","","",""
"12","3","C_mam3, C_mb1, C_mb2","18pf","Device:C","Capacitors_SMD:C_0805_HandSoldering","~","","","","","","","","","","","","","","","","","","","","","","","","","","","","","","","","","","","","","","",""
"13","3","C_md2, C_mdc1, C_usbd1","22uf","Device:C","Capacitors_SMD:C_0805_HandSoldering","~","","","","","","","","","","","","","","","","","","","","","","","","","","","","","","","","","","","","","","",""
"14","1","C_mic_rf1","470pf","Device:C","Capacitors_SMD:C_0805_HandSoldering","~","","","","","","","","","","","","","","","","","","","","","","","","","","","","","","","","","","","","","","",""
"15","1","C_rtc1","12pf","Device:C","Capacitors_SMD:C_0805_HandSoldering","~","","","","","","","","","","","","","","","","","","","","","","","","","","","","","","","","","","","","","","",""
"16","1","C_rtc2","15pf","Device:C","Capacitors_SMD:C_0805_HandSoldering","~","","","","","","","","","","","","","","","","","","","","","","","","","","","","","","","","","","","","","","",""
"17","1","con_bat1","Conn_01x02_Male","Connector:Conn_01x02_Male","Tortugometro:battery_lipo_connector_2pin","~","","","","","","","","","","","","","","","","","","","","","","","","","","","","","","","","","","","","","","",""
"18","1","con_usbBmini1","10118194-0001LF","10118194-0001LF:10118194-0001LF","Tortugometro:10118194-0001LF","","Unavailable","","","In Stock","Micro Usb, 2.0 Type b, Rcpt, Smt","\nMicro USB, Input Output Connectors, B TYPE RECEPTACLE with flange\n","","Amphenol ICC","10118194-0001LF","","","","","None","None","None","None","https://pricing.snapeda.com/search/part/10118194-0001LF/?ref=eda","","","","","","","","","","","","","","","","","","","","",""
"19","1","conector_microsd1","MEM2051-00-195-00-A","MEM2051-00-195-00-A:MEM2051-00-195-00-A","Tortugometro:MEM20510019500A","https://gct.co/files/drawings/mem2051.pdf","","","","","","MICRO SD PUSH PUSH, OPEN, SMT, 1","2.05","","","GCT (GLOBAL CONNECTOR TECHNOLOGY)","MEM2051-00-195-00-A","640-MEM20510019500A","https://www.mouser.co.uk/ProductDetail/GCT/MEM2051-00-195-00-A?qs=KUoIvG%2F9Ilat7yfJRNWXUQ%3D%3D","","","","","","","","","","","","","","","","","","","","","","","","","",""
"20","1","crys_mcu1","ECS-120-20-33-AEM-TR","ECS-480-10-36B-CKM-TR:ECS-120-20-33-AEM-TR","Tortugometro:ECS-480-10-36B-CKM-TR","https://ecsxtal.com/store/pdf/ecx-32.pdf","","ECS-120-20-33-AEM-TR","https://www.arrow.com/en/products/ecs-120-20-33-aem-tr/ecs-international","","","Crystals 12MHz 20pF 25ppm -20C +70C","0","","","ECS","ECS-120-20-33-AEM-TR","520-120-20-33-AEMT","https://www.mouser.co.uk/ProductDetail/ECS/ECS-120-20-33-AEM-TR?qs=byeeYqUIh0Mb73KTji%2FT2g%3D%3D","","","","","","","","","","","","","","","","","","","","","","","","","",""
"21","1","crys_rtc1","FC-135_32.7680KA-AG3","FC-135_32.7680KA-AG3:FC-135_32.7680KA-AG3","Tortugometro:FC-135_32.7680KA-AG3","http://www.mouser.com/ds/2/137/C-135R_en-1109071.pdf","","FC-135 32.7680KA-AG3","https://www.arrow.com/en/products/fc-13532.7680ka-ag3/epson-electronics-america","","","Crystals 32.768KHz 20ppm 7.0pF -40C +85C","0.9","","","Epson Timing","FC-135 32.7680KA-AG3","732-FC135-32.76KAAG3","https://www.mouser.co.uk/ProductDetail/Epson-Timing/FC-135-327680KA-AG3?qs=l3LL3yk8ONbdhVAPUR8zug%3D%3D","","","","","","","","","","","","","","","","","","","","","","","","","",""
"22","4","H1, H2, H3, H4","MountingHole_Pad","Mechanical:MountingHole_Pad","Mounting_Holes:MountingHole_2.2mm_M2_Pad","~","","","","","","","","","","","","","","","","","","","","","","","","","","","","","","","","","","","","","","",""
"23","1","IMU1","LSM9DS1","LSM9DS1:LSM9DS1","Tortugometro:LSM9DS1","https://www.st.com/resource/en/datasheet/lsm9ds1.pdf","","","","","","iNEMO inertial module: 3D accelerometer, 3D gyroscope, 3D magnetometer","1.027","","","STMicroelectronics","LSM9DS1","","","","","","","","","","","","","","","","","","","","","","","","","","","",""
"24","10","J_3.31, J_bclk1, J_data1, J_gnd1, J_gnd2, J_pw+1, J_pw-1, J_t9, J_t10, J_wlk1","Conn_01x01_Male","Connector:Conn_01x01_Male","Pin_Headers:Pin_Header_Straight_1x01_Pitch2.00mm","~","","","","","","","","","","","","","","","","","","","","","","","","","","","","","","","","","","","","","","",""
"25","5","J_ag1, J_ag2, J_mag1, J_scl1, J_sda1","Conn_01x01_Male","Connector:Conn_01x01_Male","Pin_Headers:Pin_Header_Straight_1x01_Pitch1.00mm","~","","","","","","","","","","","","","","","","","","","","","","","","","","","","","","","","","","","","","","",""
"26","1","J_gpio_free1","Conn_01x05_Male","Connector:Conn_01x05_Male","Tortugometro:connector_5pin_molex_nomark","~","","","","","","","","","","","","","","","","","","","","","","","","","","","","","","","","","","","","","","",""
"27","1","J_programmer1","Conn_01x06_Male","Connector:Conn_01x06_Male","Tortugometro:connector_6pin_nomark","~","","","","","","","","","","","","","","","","","","","","","","","","","","","","","","","","","","","","","","",""
"28","1","J_sma1","CON-SMA-EDGE-S","CON-SMA-EDGE-S:CON-SMA-EDGE-S","Tortugometro:CON-SMA-EDGE-S","https://www.rfsolutions.co.uk/downloads/1498648656DS-CON-EDGE-SMA-4.pdf","","","","","","","","","","","","","","","","","","","No","Conn","Gold","Connectors","RF / Coaxial Connectors","unset","CONN SMA JACK STR EDGE MNT","CON-SMA-EDGE-S-ND","https://forum.upverter.com/uploads/default/original/3X/b/e/be75b907af57498775929d6d9099689c472e0307.pdf","18GHz","6.35mm","50Ω","yes","yes","Yes","311856913ef645a6","RF Solutions Ltd.","1","CONN_JACK","Yes","true"
"29","1","L_dcdc_3.3","10uh","Device:L","Resistors_SMD:R_0805_HandSoldering","~","","","","","","","","","","","","","","","","","","","","","","","","","","","","","","","","","","","","","","",""
"30","1","L_g1","1uh","Device:L","Resistors_SMD:R_0805_HandSoldering","~","","","","","","","","","","","","","","","","","","","","","","","","","","","","","","","","","","","","","","",""
"31","2","L_mam1, L_mb2","82nh","Device:L","Resistors_SMD:R_0805_HandSoldering","~","","","","","","","","","","","","","","","","","","","","","","","","","","","","","","","","","","","","","","",""
"32","1","L_mam2","68nh","Device:L","Resistors_SMD:R_0805_HandSoldering","~","","","","","","","","","","","","","","","","","","","","","","","","","","","","","","","","","","","","","","",""
"33","1","L_mb1","150n","Device:L","Resistors_SMD:R_0805_HandSoldering","~","","","","","","","","","","","","","","","","","","","","","","","","","","","","","","","","","","","","","","",""
"34","1","L_mb3","82n","Device:L","Resistors_SMD:R_0805_HandSoldering","~","","","","","","","","","","","","","","","","","","","","","","","","","","","","","","","","","","","","","","",""
"35","1","L_mch1","MMZ2012Y152BTD25","Device:L","Resistors_SMD:R_0805_HandSoldering","~","","","","","","","","","","","","","","","","","","","","","","","","","","","","","","","","","","","","","","",""
"36","1","L_mdc1","6.8uh","Device:L","Resistors_SMD:R_0805_HandSoldering","~","","","","","","","","","","","","","","","","","","","","","","","","","","","","","","","","","","","","","","",""
"37","1","led_blue1","APTD2012LQBC_D","APTD2012LQBC_D:APTD2012LQBC_D","Tortugometro:APTD2012LQBC_D","https://componentsearchengine.com/Datasheets/1/APTD2012LQBC_D.pdf","","APTD2012LQBC/D","https://www.arrow.com/en/products/aptd2012lqbcd/kingbright","","","Standard LEDs - SMD 0805 Dome Lens LED Blue- 465nm","1.2","","","Kingbright","APTD2012LQBC/D","604-APTD2012LQBCD","https://www.mouser.co.uk/ProductDetail/Kingbright/APTD2012LQBC-D/?qs=AQlKX63v8RvDGqprk6aUCg%3D%3D","","","","","","","","","","","","","","","","","","","","","","","","","",""
"38","1","led_green2","SM0805GCL","SM0805GCL:SM0805GCL","Tortugometro:APTD2012LQBC_D","https://datasheet.datasheetarchive.com/originals/distributors/Datasheets-DGA13/1161700.pdf","","SM0805GCL","https://www.arrow.com/en/products/sm0805gcl/bivar","","","SMT LED 0805 Green Clear Lens Bivar SM0805GCL Green High-Power LED, 574 nm 2012 (0805), Rectangle Lens SMD package","0.8","","","Bivar","SM0805GCL","749-SM0805GCL","https://www.mouser.co.uk/ProductDetail/Bivar/SM0805GCL?qs=jaLxTFIJCitl%252Bw30syUp6A%3D%3D","","","","","","","","","","","","","","","","","","","","","","","","","",""
"39","1","led_red0","LS_M67K-H2L1-1-Z","LS_M67K-H2L1-1-Z:LS_M67K-H2L1-1-Z","Tortugometro:APTD2012LQBC_D","https://datasheet.datasheetarchive.com/originals/distributors/DKDS41/DSANUWW0036619.pdf","","LS M67K-H2L1-1-Z","https://www.arrow.com/en/products/lsm67k-h2l1-1-z/osram-opto-semiconductors","","","Standard LEDs - SMD Super Red, 630nm 14mcd, 2mA","1.4","","","OSRAM","LS M67K-H2L1-1-Z","720-LSM67K-H2L1-1-Z","https://www.mouser.co.uk/ProductDetail/OSRAM-Opto-Semiconductors/LS-M67K-H2L1-1-Z?qs=K5ta8V%252BWhtYR%2Ffs%2FC1wrvg%3D%3D","","","","","","","","","","","","","","","","","","","","","","","","","",""
"40","1","led_yellow3","LY_M67K-J1L2-26","LY_M67K-J1L2-26:LY_M67K-J1L2-26","Tortugometro:APTD2012LQBC_D","https://docs.rs-online.com/8d70/0900766b808bd66d.pdf","","","","","","2.2 V Yellow LED SMD,Osram Opto Mini TOPLED LY M67K-J1L2-26","1.4","","","OSRAM","LY M67K-J1L2-26","","","","","","","","","","","","","","","","","","","","","","","","","","","",""
"41","1","LIGTH1","TSL25721FN","TSL25721FN:TSL25721FN","Tortugometro:TSL25721FN","https://datasheet.datasheetarchive.com/originals/distributors/DKDS-7/120558.pdf","","TSL25721FN","https://www.arrow.com/en/products/tsl25721fn/ams-ag","","","Light to Digital Converters ALS, I2C Vbus= VDD Interface","","","","ams","TSL25721FN","985-TSL25721FN","https://www.mouser.co.uk/ProductDetail/ams/TSL25721FN?qs=ECv0MKUHA8GP%252Bsx2cFEj1g%3D%3D","","","","","","","","","","","","","","","","","","","","","","","","","",""
"42","1","MCU&TxRx1","CC1312R1F3RGZR","CC1312R1F3RGZT:CC1312R1F3RGZT","Tortugometro:CC1312R1F3RGZT","http://www.ti.com/lit/ds/symlink/cc1312r.pdf","","CC1312R1F3RGZT","https://www.arrow.com/en/products/cc1312r1f3rgzt/texas-instruments","","","Texas Instruments SimpeLink? Sub-1 GHz CC1312R Wireless MCU 48-VQFN -40 to 85","1","","","Texas Instruments","CC1312R1F3RGZT","595-CC1312R1F3RGZT","https://www.mouser.co.uk/ProductDetail/Texas-Instruments/CC1312R1F3RGZT?qs=rrS6PyfT74dnRQNK9Ptixw%3D%3D","","","","","","","","","","","","","","","","","","","","","","","","","",""
"43","1","MIC1","SPH0645LM4H-1-8","SPH0645LM4H-1-8:SPH0645LM4H-1-8","Tortugometro:SPH0645LM4H18","https://www.knowles.com/docs/default-source/default-document-library/sph0645lm4h-1-datasheet.pdf?Status=Master&sfvrsn=751076b1_2","","","","","","MEMS Microphones SILICON MICROPHONE","1.08","","","Knowles","SPH0645LM4H-1-8","721-SPH0645LM4H-1-8","https://www.mouser.co.uk/ProductDetail/Knowles/SPH0645LM4H-1-8?qs=TuK3vfAjtkXP9L009Fh60A%3D%3D","","","","","","","","","","","","","","","","","","","","","","","","","",""
"44","1","module_bluetooth1","module_bluetooth_hc10_arduino","bluetooth_module_hm10:module_bluetooth_hc10_arduino","Tortugometro:bluetooth_module_hm10","","","","","","","","","","","","","","","","","","","","","","","","","","","","","","","","","","","","","","","",""
"45","1","module_gps1","gps_module_ublox_neo6+antenna","gps_module_ublox_neo6+antenna:gps_module_ublox_neo6+antenna","Tortugometro:gps_module_ublox_neo6+antenna","","","","","In Stock","","\n GPS MODULE for Arduino U BLOX NEO 6M  \n","","FCI","ublox NEO 6M","","","","","","","None","None","","","","","","","","","","","","","","","","","","","","","",""
"46","5","R_cc1, R_ledg1, R_ledr1, R_ledy1, R_usb2","1.65Kohm","Device:R_US","Resistors_SMD:R_0805_HandSoldering","~","","","","","","","","","","","","","","","","","","","","","","","","","","","","","","","","","","","","","","",""
"47","1","R_cc2","1500Kohm","Device:R_US","Resistors_SMD:R_0805_HandSoldering","~","","","","","","","","","","","","","","","","","","","","","","","","","","","","","","","","","","","","","","",""
"48","2","R_cc3, R_reset1","100Kohm","Device:R_US","Resistors_SMD:R_0805_HandSoldering","~","","","","","","","","","","","","","","","","","","","","","","","","","","","","","","","","","","","","","","",""
"49","2","R_cf1, R_usbm1","47.5Kohm","Device:R_US","Resistors_SMD:R_0805_HandSoldering","~","","","","","","","","","","","","","","","","","","","","","","","","","","","","","","","","","","","","","","",""
"50","1","R_cf2","16Kohm","Device:R_US","Resistors_SMD:R_0805_HandSoldering","~","","","","","","","","","","","","","","","","","","","","","","","","","","","","","","","","","","","","","","",""
"51","1","R_g1","0.1ohm","Device:R_US","Resistors_SMD:R_0805_HandSoldering","~","","","","","","","","","","","","","","","","","","","","","","","","","","","","","","","","","","","","","","",""
"52","2","R_gu1, R_gu2","680ohm","Device:R_US","Resistors_SMD:R_0805_HandSoldering","~","","","","","","","","","","","","","","","","","","","","","","","","","","","","","","","","","","","","","","",""
"53","2","R_i2c1, R_i2c2","not mount","Device:R_US","Resistors_SMD:R_0805_HandSoldering","~","","","","","","","","","","","","","","","","","","","","","","","","","","","","","","","","","","","","","","",""
"54","1","R_ledb1","470ohm","Device:R_US","Resistors_SMD:R_0805_HandSoldering","~","","","","","","","","","","","","","","","","","","","","","","","","","","","","","","","","","","","","","","",""
"55","3","R_micb1, R_micd1, R_micw1","48.7ohm","Device:R_US","Resistors_SMD:R_0805_HandSoldering","~","","","","","","","","","","","","","","","","","","","","","","","","","","","","","","","","","","","","","","",""
"56","1","R_pm1","0ohm","Device:R_US","Resistors_SMD:R_0805_HandSoldering","~","","","","","","","","","","","","","","","","","","","","","","","","","","","","","","","","","","","","","","",""
"57","1","R_usb1","1.5ohm","Device:R_US","Resistors_SMD:R_0805_HandSoldering","~","","","","","","","","","","","","","","","","","","","","","","","","","","","","","","","","","","","","","","",""
"58","1","reg_3.3","LTC3531ES6-3.3#TRMPBF","LTC3531ES6-3.3#TRMPBF:LTC3531ES6-3.3#TRMPBF","Tortugometro:LTC3531ES6-3.3#TRMPBF","http://www.linear.com/docs/11037","","LTC3531ES6-3.3#TRMPBF","https://www.arrow.com/en/products/ltc3531es6-3.3trmpbf/linear-technology","","","Linear Technology LTC3531ES6-3.3#TRMPBF, Step-Down/Up DC-DC Converter, 200mA, Adjustable, 3.25  3.39 V, 6-Pin","1","","","Linear Technology","LTC3531ES6-3.3#TRMPBF","584-C3531ES6-3.3TMPF","https://www.mouser.co.uk/ProductDetail/Analog-Devices-Linear-Technology/LTC3531ES6-33TRMPBF?qs=hVkxg5c3xu%2FBJ0MTtviGzQ%3D%3D","","","","","","","","","","","","","","","","","","","","","","","","","",""
"59","1","switch_gps1","SiP32431DR3","Power_Management:SiP32432DR3","TO_SOT_Packages_SMD:SOT-363_SC-70-6_Handsoldering","http://www.vishay.com.hk/docs/66597/sip32431.pdf","","","","","","","","","","","","","","","","","","","","","","","","","","","","","","","","","","","","","","",""
"60","1","switch_sd1","SiP32432DR3","Power_Management:SiP32432DR3","TO_SOT_Packages_SMD:SOT-363_SC-70-6_Handsoldering","http://www.vishay.com.hk/docs/66597/sip32431.pdf","","","","","","","","","","","","","","","","","","","","","","","","","","","","","","","","","","","","","","",""
"61","1","switch_side1","EG1213","EG1213:EG1213","EG1213","https://www.mouser.com/datasheet/2/140/EG-345873.pdf","","","","","","Slide Switches SPDT SLIDE PC MNT","5","","","E-Switch","EG1213","612-EG1213","https://www.mouser.co.uk/ProductDetail/E-Switch/EG1213?qs=xDsBkp9LkofPeirZgUQnKA%3D%3D","","","","","","","","","","","","","","","","","","","","","","","","","",""
